software,,
název,cesta vstupní,cesta zálohy
PotPlayer (StolniMartin) (OneDrive),C:\Users\markr\AppData\Roaming\PotPlayerMini64,C:\Users\markr\OneDrive\Martin\zaloha\PotPlayer\StolniMartin
PotPlayer (StolniPavlina) (OneDrive),C:\Users\markr\AppData\Roaming\PotPlayerMini64,C:\Users\markr\OneDrive\Martin\zaloha\PotPlayer\StolniPavlina
PotPlayer (Lenovo-PC) (OneDrive),C:\Users\markr\AppData\Roaming\PotPlayerMini64,C:\Users\markr\OneDrive\Martin\zaloha\PotPlayer\Lenovo-PC
PotPlayer (Acer2017) (OneDrive),C:\Users\markr\AppData\Roaming\PotPlayerMini64,C:\Users\markr\OneDrive\Martin\zaloha\PotPlayer\Acer2017
PotPlayer (StolniMartin) (dokumenty),C:\Users\markr\AppData\Roaming\PotPlayerMini64,C:\Users\markr\Martin\zaloha\PotPlayer\StolniMartin
PotPlayer (StolniPavlina) (dokumenty),C:\Users\markr\AppData\Roaming\PotPlayerMini64,C:\Users\markr\Martin\zaloha\PotPlayer\StolniPavlina
PotPlayer (Lenovo-PC) (dokumenty),C:\Users\markr\AppData\Roaming\PotPlayerMini64,C:\Users\markr\Martin\zaloha\PotPlayer\Lenovo-PC
PotPlayer (Acer2017) (dokumenty),C:\Users\markr\AppData\Roaming\PotPlayerMini64,C:\Users\markr\Martin\zaloha\PotPlayer\Acer2017
PotPlayer (playlist) (OneDrive),C:\Users\markr\AppData\Roaming\PotPlayerMini64\Playlist,C:\Users\markr\OneDrive\Martin\zaloha\PotPlayer
